{
  "phase": "training",
  "steps_total": 100,
  "steps_done": 100,
  "elapsed_s": 360.0723376274109,
  "init_ppl": 14894471.47366126,
  "teacher_ppl": 8.53833293978661,
  "latest_ppl": 14894471.47366126,
  "latest_loss": 1378.2540283203125
}